aa_change,recommended_md_model
Y1321C,7A6O_AIM_A1_closed_state_MD
Y1321W,7A6O_AIM_A1_closed_state_MD
G1324A,7A6O_AIM_A1_closed_state_MD
G1324R,7A6O_AIM_A1_closed_state_MD
A1377V,7A6O_AIM_A1_closed_state_MD
L1276P,7A6O_AIM_A1_closed_state_MD
L1276R,7A6O_AIM_A1_closed_state_MD
D1302G,7A6O_AIM_A1_closed_state_MD
R1315G,7A6O_AIM_A1_closed_state_MD
R1315P,7A6O_AIM_A1_closed_state_MD
H1322P,7A6O_AIM_A1_closed_state_MD
A1355D,7A6O_AIM_A1_closed_state_MD
E1359K,7A6O_AIM_A1_closed_state_MD
V1360A,7A6O_AIM_A1_closed_state_MD
L1361W,7A6O_AIM_A1_closed_state_MD
K1362T,7A6O_AIM_A1_closed_state_MD
Y1363C,7A6O_AIM_A1_closed_state_MD
F1369I,7A6O_AIM_A1_closed_state_MD
D1373Y,7A6O_AIM_A1_closed_state_MD
R1374S,7A6O_AIM_A1_closed_state_MD
L1382P,7A6O_AIM_A1_closed_state_MD
L1383R,7A6O_AIM_A1_closed_state_MD
S1387I,7A6O_AIM_A1_closed_state_MD
S1394F,7A6O_AIM_A1_closed_state_MD
R1399C,7A6O_AIM_A1_closed_state_MD
Q1402P,7A6O_AIM_A1_closed_state_MD
V1439M,7A6O_AIM_A1_closed_state_MD
V1409F,7A6O_AIM_A1_closed_state_MD
P1413R,7A6O_AIM_A1_closed_state_MD
I1416T,7A6O_AIM_A1_closed_state_MD
I1425F,7A6O_AIM_A1_closed_state_MD
R1426C,7A6O_AIM_A1_closed_state_MD
