variant,label,prod_dir,final_gro,concat_xtc,xtc_parts,frames,timestep_ps,atoms,rmsd_frames,rmsd_mean_nm,rmsd_max_nm,rmsd_tail40_50_mean_nm,rmsd_final_nm
WT,WT,/media/luzhenyang/project/alphagenome/alphagenome/VWF_ErTongYiyuan/output/gromacs_md_autoinhib/7A6O_WT/md_7a6o,/media/luzhenyang/project/alphagenome/alphagenome/VWF_ErTongYiyuan/output/gromacs_md_autoinhib/7A6O_WT/md_7a6o/md_prod_run.part0002.gro,/media/luzhenyang/project/alphagenome/alphagenome/VWF_ErTongYiyuan/output/gromacs_md_autoinhib/analysis_completed_7a6o/trajectories/WT_prod_concat.xtc,/media/luzhenyang/project/alphagenome/alphagenome/VWF_ErTongYiyuan/output/gromacs_md_autoinhib/7A6O_WT/md_7a6o/md_prod.xtc;/media/luzhenyang/project/alphagenome/alphagenome/VWF_ErTongYiyuan/output/gromacs_md_autoinhib/7A6O_WT/md_7a6o/md_prod_run.part0002.xtc,501,100.0,34899,501,0.171,0.3749,0.208,0.158
R1306W,2B,/media/luzhenyang/project/alphagenome/alphagenome/VWF_ErTongYiyuan/output/gromacs_md_autoinhib/R1306W/md_7a6o,/media/luzhenyang/project/alphagenome/alphagenome/VWF_ErTongYiyuan/output/gromacs_md_autoinhib/R1306W/md_7a6o/md_prod.part0005.gro,/media/luzhenyang/project/alphagenome/alphagenome/VWF_ErTongYiyuan/output/gromacs_md_autoinhib/analysis_completed_7a6o/trajectories/R1306W_prod_concat.xtc,/media/luzhenyang/project/alphagenome/alphagenome/VWF_ErTongYiyuan/output/gromacs_md_autoinhib/R1306W/md_7a6o/md_prod.xtc;/media/luzhenyang/project/alphagenome/alphagenome/VWF_ErTongYiyuan/output/gromacs_md_autoinhib/R1306W/md_7a6o/md_prod.part0002.xtc;/media/luzhenyang/project/alphagenome/alphagenome/VWF_ErTongYiyuan/output/gromacs_md_autoinhib/R1306W/md_7a6o/md_prod.part0003.xtc;/media/luzhenyang/project/alphagenome/alphagenome/VWF_ErTongYiyuan/output/gromacs_md_autoinhib/R1306W/md_7a6o/md_prod.part0004.xtc;/media/luzhenyang/project/alphagenome/alphagenome/VWF_ErTongYiyuan/output/gromacs_md_autoinhib/R1306W/md_7a6o/md_prod.part0005.xtc,501,100.0,35174,501,0.1522,0.1976,0.1621,0.1599
R1306Q,2B,/media/luzhenyang/project/alphagenome/alphagenome/VWF_ErTongYiyuan/output/gromacs_md_autoinhib/R1306Q/md_7a6o,/media/luzhenyang/project/alphagenome/alphagenome/VWF_ErTongYiyuan/output/gromacs_md_autoinhib/R1306Q/md_7a6o/md_prod.part0005.gro,/media/luzhenyang/project/alphagenome/alphagenome/VWF_ErTongYiyuan/output/gromacs_md_autoinhib/analysis_completed_7a6o/trajectories/R1306Q_prod_concat.xtc,/media/luzhenyang/project/alphagenome/alphagenome/VWF_ErTongYiyuan/output/gromacs_md_autoinhib/R1306Q/md_7a6o/md_prod.xtc;/media/luzhenyang/project/alphagenome/alphagenome/VWF_ErTongYiyuan/output/gromacs_md_autoinhib/R1306Q/md_7a6o/md_prod.part0002.xtc;/media/luzhenyang/project/alphagenome/alphagenome/VWF_ErTongYiyuan/output/gromacs_md_autoinhib/R1306Q/md_7a6o/md_prod.part0003.xtc;/media/luzhenyang/project/alphagenome/alphagenome/VWF_ErTongYiyuan/output/gromacs_md_autoinhib/R1306Q/md_7a6o/md_prod.part0004.xtc;/media/luzhenyang/project/alphagenome/alphagenome/VWF_ErTongYiyuan/output/gromacs_md_autoinhib/R1306Q/md_7a6o/md_prod.part0005.xtc,501,100.0,35191,501,0.1918,0.4095,0.1379,0.1245
R1308C,2B,/media/luzhenyang/project/alphagenome/alphagenome/VWF_ErTongYiyuan/output/gromacs_md_autoinhib/R1308C/md_7a6o,/media/luzhenyang/project/alphagenome/alphagenome/VWF_ErTongYiyuan/output/gromacs_md_autoinhib/R1308C/md_7a6o/md_prod.part0005.gro,/media/luzhenyang/project/alphagenome/alphagenome/VWF_ErTongYiyuan/output/gromacs_md_autoinhib/analysis_completed_7a6o/trajectories/R1308C_prod_concat.xtc,/media/luzhenyang/project/alphagenome/alphagenome/VWF_ErTongYiyuan/output/gromacs_md_autoinhib/R1308C/md_7a6o/md_prod.xtc;/media/luzhenyang/project/alphagenome/alphagenome/VWF_ErTongYiyuan/output/gromacs_md_autoinhib/R1308C/md_7a6o/md_prod.part0002.xtc;/media/luzhenyang/project/alphagenome/alphagenome/VWF_ErTongYiyuan/output/gromacs_md_autoinhib/R1308C/md_7a6o/md_prod.part0003.xtc;/media/luzhenyang/project/alphagenome/alphagenome/VWF_ErTongYiyuan/output/gromacs_md_autoinhib/R1308C/md_7a6o/md_prod.part0004.xtc;/media/luzhenyang/project/alphagenome/alphagenome/VWF_ErTongYiyuan/output/gromacs_md_autoinhib/R1308C/md_7a6o/md_prod.part0005.xtc,501,100.0,35191,501,0.1507,0.3272,0.1747,0.1756
I1309V,2B,/media/luzhenyang/project/alphagenome/alphagenome/VWF_ErTongYiyuan/output/gromacs_md_autoinhib/I1309V/md_7a6o,/media/luzhenyang/project/alphagenome/alphagenome/VWF_ErTongYiyuan/output/gromacs_md_autoinhib/I1309V/md_7a6o/md_prod.part0005.gro,/media/luzhenyang/project/alphagenome/alphagenome/VWF_ErTongYiyuan/output/gromacs_md_autoinhib/analysis_completed_7a6o/trajectories/I1309V_prod_concat.xtc,/media/luzhenyang/project/alphagenome/alphagenome/VWF_ErTongYiyuan/output/gromacs_md_autoinhib/I1309V/md_7a6o/md_prod.xtc;/media/luzhenyang/project/alphagenome/alphagenome/VWF_ErTongYiyuan/output/gromacs_md_autoinhib/I1309V/md_7a6o/md_prod.part0002.xtc;/media/luzhenyang/project/alphagenome/alphagenome/VWF_ErTongYiyuan/output/gromacs_md_autoinhib/I1309V/md_7a6o/md_prod.part0003.xtc;/media/luzhenyang/project/alphagenome/alphagenome/VWF_ErTongYiyuan/output/gromacs_md_autoinhib/I1309V/md_7a6o/md_prod.part0004.xtc;/media/luzhenyang/project/alphagenome/alphagenome/VWF_ErTongYiyuan/output/gromacs_md_autoinhib/I1309V/md_7a6o/md_prod.part0005.xtc,501,100.0,35187,501,0.1214,0.159,0.1214,0.1226
S1310F,2B,/media/luzhenyang/project/alphagenome/alphagenome/VWF_ErTongYiyuan/output/gromacs_md_autoinhib/S1310F/md_7a6o,/media/luzhenyang/project/alphagenome/alphagenome/VWF_ErTongYiyuan/output/gromacs_md_autoinhib/S1310F/md_7a6o/md_prod.part0005.gro,/media/luzhenyang/project/alphagenome/alphagenome/VWF_ErTongYiyuan/output/gromacs_md_autoinhib/analysis_completed_7a6o/trajectories/S1310F_prod_concat.xtc,/media/luzhenyang/project/alphagenome/alphagenome/VWF_ErTongYiyuan/output/gromacs_md_autoinhib/S1310F/md_7a6o/md_prod.xtc;/media/luzhenyang/project/alphagenome/alphagenome/VWF_ErTongYiyuan/output/gromacs_md_autoinhib/S1310F/md_7a6o/md_prod.part0002.xtc;/media/luzhenyang/project/alphagenome/alphagenome/VWF_ErTongYiyuan/output/gromacs_md_autoinhib/S1310F/md_7a6o/md_prod.part0003.xtc;/media/luzhenyang/project/alphagenome/alphagenome/VWF_ErTongYiyuan/output/gromacs_md_autoinhib/S1310F/md_7a6o/md_prod.part0004.xtc;/media/luzhenyang/project/alphagenome/alphagenome/VWF_ErTongYiyuan/output/gromacs_md_autoinhib/S1310F/md_7a6o/md_prod.part0005.xtc,501,100.0,35193,501,0.1343,0.1944,0.1414,0.1299
W1313C,2B,/media/luzhenyang/project/alphagenome/alphagenome/VWF_ErTongYiyuan/output/gromacs_md_autoinhib/W1313C/md_7a6o,/media/luzhenyang/project/alphagenome/alphagenome/VWF_ErTongYiyuan/output/gromacs_md_autoinhib/W1313C/md_7a6o/md_prod.part0005.gro,/media/luzhenyang/project/alphagenome/alphagenome/VWF_ErTongYiyuan/output/gromacs_md_autoinhib/analysis_completed_7a6o/trajectories/W1313C_prod_concat.xtc,/media/luzhenyang/project/alphagenome/alphagenome/VWF_ErTongYiyuan/output/gromacs_md_autoinhib/W1313C/md_7a6o/md_prod.xtc;/media/luzhenyang/project/alphagenome/alphagenome/VWF_ErTongYiyuan/output/gromacs_md_autoinhib/W1313C/md_7a6o/md_prod.part0002.xtc;/media/luzhenyang/project/alphagenome/alphagenome/VWF_ErTongYiyuan/output/gromacs_md_autoinhib/W1313C/md_7a6o/md_prod.part0003.xtc;/media/luzhenyang/project/alphagenome/alphagenome/VWF_ErTongYiyuan/output/gromacs_md_autoinhib/W1313C/md_7a6o/md_prod.part0004.xtc;/media/luzhenyang/project/alphagenome/alphagenome/VWF_ErTongYiyuan/output/gromacs_md_autoinhib/W1313C/md_7a6o/md_prod.part0005.xtc,501,100.0,35192,501,0.1964,0.4091,0.2276,0.2278
V1314F,2B,/media/luzhenyang/project/alphagenome/alphagenome/VWF_ErTongYiyuan/output/gromacs_md_autoinhib/V1314F/md_7a6o,/media/luzhenyang/project/alphagenome/alphagenome/VWF_ErTongYiyuan/output/gromacs_md_autoinhib/V1314F/md_7a6o/md_prod.part0005.gro,/media/luzhenyang/project/alphagenome/alphagenome/VWF_ErTongYiyuan/output/gromacs_md_autoinhib/analysis_completed_7a6o/trajectories/V1314F_prod_concat.xtc,/media/luzhenyang/project/alphagenome/alphagenome/VWF_ErTongYiyuan/output/gromacs_md_autoinhib/V1314F/md_7a6o/md_prod.xtc;/media/luzhenyang/project/alphagenome/alphagenome/VWF_ErTongYiyuan/output/gromacs_md_autoinhib/V1314F/md_7a6o/md_prod.part0002.xtc;/media/luzhenyang/project/alphagenome/alphagenome/VWF_ErTongYiyuan/output/gromacs_md_autoinhib/V1314F/md_7a6o/md_prod.part0003.xtc;/media/luzhenyang/project/alphagenome/alphagenome/VWF_ErTongYiyuan/output/gromacs_md_autoinhib/V1314F/md_7a6o/md_prod.part0004.xtc;/media/luzhenyang/project/alphagenome/alphagenome/VWF_ErTongYiyuan/output/gromacs_md_autoinhib/V1314F/md_7a6o/md_prod.part0005.xtc,501,100.0,35185,501,0.1346,0.2381,0.1209,0.1375
V1316M,2B,/media/luzhenyang/project/alphagenome/alphagenome/VWF_ErTongYiyuan/output/gromacs_md_autoinhib/V1316M/md_7a6o,/media/luzhenyang/project/alphagenome/alphagenome/VWF_ErTongYiyuan/output/gromacs_md_autoinhib/V1316M/md_7a6o/md_prod.gro,/media/luzhenyang/project/alphagenome/alphagenome/VWF_ErTongYiyuan/output/gromacs_md_autoinhib/analysis_completed_7a6o/trajectories/V1316M_prod_concat.xtc,/media/luzhenyang/project/alphagenome/alphagenome/VWF_ErTongYiyuan/output/gromacs_md_autoinhib/V1316M/md_7a6o/md_prod.xtc,501,100.0,35188,501,0.2746,0.4606,0.4001,0.3473
R1374C,2M,/media/luzhenyang/project/alphagenome/alphagenome/VWF_ErTongYiyuan/output/gromacs_md_autoinhib/R1374C/md_7a6o,/media/luzhenyang/project/alphagenome/alphagenome/VWF_ErTongYiyuan/output/gromacs_md_autoinhib/R1374C/md_7a6o/md_prod.gro,/media/luzhenyang/project/alphagenome/alphagenome/VWF_ErTongYiyuan/output/gromacs_md_autoinhib/analysis_completed_7a6o/trajectories/R1374C_prod_concat.xtc,/media/luzhenyang/project/alphagenome/alphagenome/VWF_ErTongYiyuan/output/gromacs_md_autoinhib/R1374C/md_7a6o/md_prod.xtc,501,100.0,35179,501,0.1814,0.3533,0.2402,0.1615
R1374H,2M,/media/luzhenyang/project/alphagenome/alphagenome/VWF_ErTongYiyuan/output/gromacs_md_autoinhib/R1374H/md_7a6o,/media/luzhenyang/project/alphagenome/alphagenome/VWF_ErTongYiyuan/output/gromacs_md_autoinhib/R1374H/md_7a6o/md_prod.gro,/media/luzhenyang/project/alphagenome/alphagenome/VWF_ErTongYiyuan/output/gromacs_md_autoinhib/analysis_completed_7a6o/trajectories/R1374H_prod_concat.xtc,/media/luzhenyang/project/alphagenome/alphagenome/VWF_ErTongYiyuan/output/gromacs_md_autoinhib/R1374H/md_7a6o/md_prod.xtc,501,100.0,35188,501,0.2101,0.3973,0.1828,0.1809
G1324S,2M,/media/luzhenyang/project/alphagenome/alphagenome/VWF_ErTongYiyuan/output/gromacs_md_autoinhib/G1324S/md_7a6o,/media/luzhenyang/project/alphagenome/alphagenome/VWF_ErTongYiyuan/output/gromacs_md_autoinhib/G1324S/md_7a6o/md_prod.gro,/media/luzhenyang/project/alphagenome/alphagenome/VWF_ErTongYiyuan/output/gromacs_md_autoinhib/analysis_completed_7a6o/trajectories/G1324S_prod_concat.xtc,/media/luzhenyang/project/alphagenome/alphagenome/VWF_ErTongYiyuan/output/gromacs_md_autoinhib/G1324S/md_7a6o/md_prod.xtc,501,100.0,35185,501,0.2761,0.3974,0.3246,0.3782
P1337L,?,/media/luzhenyang/project/alphagenome/alphagenome/VWF_ErTongYiyuan/output/gromacs_md_autoinhib/P1337L/md_7a6o,/media/luzhenyang/project/alphagenome/alphagenome/VWF_ErTongYiyuan/output/gromacs_md_autoinhib/P1337L/md_7a6o/md_prod.gro,/media/luzhenyang/project/alphagenome/alphagenome/VWF_ErTongYiyuan/output/gromacs_md_autoinhib/analysis_completed_7a6o/trajectories/P1337L_prod_concat.xtc,/media/luzhenyang/project/alphagenome/alphagenome/VWF_ErTongYiyuan/output/gromacs_md_autoinhib/P1337L/md_7a6o/md_prod.xtc,501,100.0,35186,501,0.2339,0.3702,0.218,0.1967
R1341Q,?,/media/luzhenyang/project/alphagenome/alphagenome/VWF_ErTongYiyuan/output/gromacs_md_autoinhib/R1341Q/md_7a6o,/media/luzhenyang/project/alphagenome/alphagenome/VWF_ErTongYiyuan/output/gromacs_md_autoinhib/R1341Q/md_7a6o/md_prod.gro,/media/luzhenyang/project/alphagenome/alphagenome/VWF_ErTongYiyuan/output/gromacs_md_autoinhib/analysis_completed_7a6o/trajectories/R1341Q_prod_concat.xtc,/media/luzhenyang/project/alphagenome/alphagenome/VWF_ErTongYiyuan/output/gromacs_md_autoinhib/R1341Q/md_7a6o/md_prod.xtc,501,100.0,35191,501,0.1474,0.2482,0.1571,0.1487
R1341W,?,/media/luzhenyang/project/alphagenome/alphagenome/VWF_ErTongYiyuan/output/gromacs_md_autoinhib/R1341W/md_7a6o,/media/luzhenyang/project/alphagenome/alphagenome/VWF_ErTongYiyuan/output/gromacs_md_autoinhib/R1341W/md_7a6o/md_prod.gro,/media/luzhenyang/project/alphagenome/alphagenome/VWF_ErTongYiyuan/output/gromacs_md_autoinhib/analysis_completed_7a6o/trajectories/R1341W_prod_concat.xtc,/media/luzhenyang/project/alphagenome/alphagenome/VWF_ErTongYiyuan/output/gromacs_md_autoinhib/R1341W/md_7a6o/md_prod.xtc,501,100.0,35189,501,0.1705,0.3063,0.1845,0.2041
