variant,label,md_gpiba_interface_loss_score,md_gpiba_interface_retained_z,md_gpiba_interface_loss_z,md_gpiba_contact_retention,md_gpiba_contact_loss_frac,md_gpiba_contact_loss_abs,md_gpiba_contacts_first0_5,md_gpiba_contacts_tail40_50,md_gpiba_mindist_tail40_50_nm,md_feature_source
Y1321C,2M,-1.4311,0.9782,-0.9782,1.1282,-0.1282,-28.6212,223.3333,251.9545,0.1608,a1_gpiba_equilibrium_md_interface_retention
Y1321W,2M,0.1917,0.185,-0.185,0.984,0.016,3.8333,239.8333,236.0,0.1617,a1_gpiba_equilibrium_md_interface_retention
G1324A,2M,1.3197,-0.5424,0.5424,0.8915,0.1085,26.394,243.1667,216.7727,0.163,a1_gpiba_equilibrium_md_interface_retention
G1324R,2M,1.7659,-0.696,0.696,0.8607,0.1393,35.3182,253.5,218.1818,0.1635,a1_gpiba_equilibrium_md_interface_retention
G1324S,2M,1.6727,-0.3039,0.3039,0.8612,0.1388,33.4545,241.0,207.5455,0.1599,a1_gpiba_equilibrium_md_interface_retention
A1377V,2M,1.0197,-0.0081,0.0081,0.9123,0.0877,20.394,232.6667,212.2727,0.1594,a1_gpiba_equilibrium_md_interface_retention
L1276P,2M,1.9545,-1.3099,1.3099,0.8364,0.1636,39.0909,239.0,199.9091,0.1656,a1_gpiba_equilibrium_md_interface_retention
D1302G,2M,0.175,1.0625,-1.0625,0.9864,0.0136,3.5,256.5,253.0,0.1572,a1_gpiba_equilibrium_md_interface_retention
R1315P,2M,3.028,-1.3936,1.3936,0.7546,0.2454,60.5606,246.8333,186.2727,0.1632,a1_gpiba_equilibrium_md_interface_retention
H1322P,2M,0.6985,0.3524,-0.3524,0.9444,0.0556,13.9697,251.3333,237.3636,0.1598,a1_gpiba_equilibrium_md_interface_retention
A1355D,2M,1.7273,-0.7108,0.7108,0.8561,0.1439,34.5455,240.0,205.4545,0.1624,a1_gpiba_equilibrium_md_interface_retention
E1359K,2M,-1.1977,1.7321,-1.7321,1.0964,-0.0964,-23.9545,248.5,272.4545,0.1567,a1_gpiba_equilibrium_md_interface_retention
V1360A,2M,0.0947,-0.5125,0.5125,0.992,0.008,1.894,237.1667,235.2727,0.1666,a1_gpiba_equilibrium_md_interface_retention
L1361W,2M,0.7015,0.2463,-0.2463,0.9429,0.0571,14.0303,245.6667,231.6364,0.16,a1_gpiba_equilibrium_md_interface_retention
K1362T,2M,3.6674,-1.9327,1.9327,0.6698,0.3302,73.3485,222.1667,148.8182,0.1618,a1_gpiba_equilibrium_md_interface_retention
Y1363C,2M,0.4674,0.5163,-0.5163,0.9636,0.0364,9.3485,257.1667,247.8182,0.16,a1_gpiba_equilibrium_md_interface_retention
F1369I,2M,-0.9977,1.2221,-1.2221,1.0743,-0.0743,-19.9545,268.5,288.4545,0.1611,a1_gpiba_equilibrium_md_interface_retention
D1373Y,2M,-1.075,0.6729,-0.6729,1.0945,-0.0945,-21.5,227.5,249.0,0.1619,a1_gpiba_equilibrium_md_interface_retention
R1374S,2M,2.0659,-0.1478,0.1478,0.8414,0.1586,41.3182,260.5,219.1818,0.1594,a1_gpiba_equilibrium_md_interface_retention
L1382P,2M,0.3098,0.4562,-0.4562,0.9769,0.0231,6.1969,267.8333,261.6364,0.1619,a1_gpiba_equilibrium_md_interface_retention
L1383R,2M,-0.0394,1.0579,-1.0579,1.003,-0.003,-0.7878,262.6667,263.4545,0.1585,a1_gpiba_equilibrium_md_interface_retention
S1387I,2M,2.5712,-0.3097,0.3097,0.8119,0.1881,51.4242,273.3333,221.9091,0.1601,a1_gpiba_equilibrium_md_interface_retention
S1394F,2M,-0.0303,0.162,-0.162,1.0027,-0.0027,-0.606,227.6667,228.2727,0.1616,a1_gpiba_equilibrium_md_interface_retention
R1399C,2M,0.3477,0.1419,-0.1419,0.9711,0.0289,6.9545,240.5,233.5455,0.1615,a1_gpiba_equilibrium_md_interface_retention
Q1402P,2M,2.3235,-0.93,0.93,0.814,0.186,46.4697,249.8333,203.3636,0.1628,a1_gpiba_equilibrium_md_interface_retention
V1439M,2M,2.6106,-1.0982,1.0982,0.8049,0.1951,52.2122,267.6667,215.4545,0.1648,a1_gpiba_equilibrium_md_interface_retention
L1282R,2M,-0.9545,0.979,-0.979,1.0773,-0.0773,-19.0909,247.0,266.0909,0.1609,a1_gpiba_equilibrium_md_interface_retention
E1290L,2M,0.1523,0.5437,-0.5437,0.9875,0.0125,3.0455,243.5,240.4545,0.1597,a1_gpiba_equilibrium_md_interface_retention
L1296P,2M,-0.4356,0.8481,-0.8481,1.0374,-0.0374,-8.7122,232.8333,241.5455,0.1588,a1_gpiba_equilibrium_md_interface_retention
R1315L,2M,-0.0742,-0.0676,0.0676,1.0056,-0.0056,-1.4849,263.3333,264.8182,0.1664,a1_gpiba_equilibrium_md_interface_retention
Y1349C,2M,1.5212,-0.3576,0.3576,0.8808,0.1192,30.4242,255.3333,224.9091,0.1622,a1_gpiba_equilibrium_md_interface_retention
S1358N,2M,1.1326,-0.4478,0.4478,0.9052,0.0948,22.6515,238.8333,216.1818,0.1626,a1_gpiba_equilibrium_md_interface_retention
L1365R,2M,1.6788,-0.2282,0.2282,0.8692,0.1308,33.5758,256.6667,223.0909,0.1609,a1_gpiba_equilibrium_md_interface_retention
R1374L,2M,-0.7902,0.6037,-0.6037,1.067,-0.067,-15.8031,235.8333,251.6364,0.162,a1_gpiba_equilibrium_md_interface_retention
S1387R,2M,2.1538,-1.0286,1.0286,0.8271,0.1729,43.0758,249.1667,206.0909,0.164,a1_gpiba_equilibrium_md_interface_retention
C1272R,?,-0.2258,0.3579,-0.3579,1.02,-0.02,-4.5151,225.6667,230.1818,0.1608,a1_gpiba_equilibrium_md_interface_retention
V1316M,2B,0.2076,-0.0925,0.0925,0.9838,0.0162,4.1515,256.3333,252.1818,0.165,a1_gpiba_equilibrium_md_interface_retention
