system,variant,status,prod_dir,final_gro,trajectory,tpr_exists,xtc_size_mb,gro_mtime,cpt_mtime,ns_per_day,runner_start,runner_complete,wall_hours_from_runner
7a6o_closed_state,Y1321C,complete,/media/luzhenyang/project/alphagenome/alphagenome/VWF_ErTongYiyuan/output/gromacs_md_autoinhib/Y1321C/md_7a6o,/media/luzhenyang/project/alphagenome/alphagenome/VWF_ErTongYiyuan/output/gromacs_md_autoinhib/Y1321C/md_7a6o/md_prod.gro,/media/luzhenyang/project/alphagenome/alphagenome/VWF_ErTongYiyuan/output/gromacs_md_autoinhib/Y1321C/md_7a6o/md_prod.xtc,True,61.08,2026-06-28 21:07:40,2026-06-28 21:07:39,,,,
7a6o_closed_state,Y1321W,complete,/media/luzhenyang/project/alphagenome/alphagenome/VWF_ErTongYiyuan/output/gromacs_md_autoinhib/Y1321W/md_7a6o,/media/luzhenyang/project/alphagenome/alphagenome/VWF_ErTongYiyuan/output/gromacs_md_autoinhib/Y1321W/md_7a6o/md_prod.gro,/media/luzhenyang/project/alphagenome/alphagenome/VWF_ErTongYiyuan/output/gromacs_md_autoinhib/Y1321W/md_7a6o/md_prod.xtc,True,61.09,2026-06-28 22:06:31,2026-06-28 22:06:31,,,,
7a6o_closed_state,G1324A,complete,/media/luzhenyang/project/alphagenome/alphagenome/VWF_ErTongYiyuan/output/gromacs_md_autoinhib/G1324A/md_7a6o,/media/luzhenyang/project/alphagenome/alphagenome/VWF_ErTongYiyuan/output/gromacs_md_autoinhib/G1324A/md_7a6o/md_prod.gro,/media/luzhenyang/project/alphagenome/alphagenome/VWF_ErTongYiyuan/output/gromacs_md_autoinhib/G1324A/md_7a6o/md_prod.xtc,True,61.09,2026-06-28 21:05:38,2026-06-28 21:05:38,,,,
7a6o_closed_state,G1324R,complete,/media/luzhenyang/project/alphagenome/alphagenome/VWF_ErTongYiyuan/output/gromacs_md_autoinhib/G1324R/md_7a6o,/media/luzhenyang/project/alphagenome/alphagenome/VWF_ErTongYiyuan/output/gromacs_md_autoinhib/G1324R/md_7a6o/md_prod.gro,/media/luzhenyang/project/alphagenome/alphagenome/VWF_ErTongYiyuan/output/gromacs_md_autoinhib/G1324R/md_7a6o/md_prod.xtc,True,61.1,2026-06-28 22:08:37,2026-06-28 22:08:37,,,,
7a6o_closed_state,A1377V,complete,/media/luzhenyang/project/alphagenome/alphagenome/VWF_ErTongYiyuan/output/gromacs_md_autoinhib/A1377V/md_7a6o,/media/luzhenyang/project/alphagenome/alphagenome/VWF_ErTongYiyuan/output/gromacs_md_autoinhib/A1377V/md_7a6o/md_prod.gro,/media/luzhenyang/project/alphagenome/alphagenome/VWF_ErTongYiyuan/output/gromacs_md_autoinhib/A1377V/md_7a6o/md_prod.xtc,True,61.1,2026-06-29 07:16:19,2026-06-29 07:16:18,,,,
7a6o_closed_state,L1276P,complete,/media/luzhenyang/project/alphagenome/alphagenome/VWF_ErTongYiyuan/output/gromacs_md_autoinhib/L1276P/md_7a6o,/media/luzhenyang/project/alphagenome/alphagenome/VWF_ErTongYiyuan/output/gromacs_md_autoinhib/L1276P/md_7a6o/md_prod.gro,/media/luzhenyang/project/alphagenome/alphagenome/VWF_ErTongYiyuan/output/gromacs_md_autoinhib/L1276P/md_7a6o/md_prod.xtc,True,61.09,2026-06-29 06:24:38,2026-06-29 06:24:38,,,,
7a6o_closed_state,L1276R,complete,/media/luzhenyang/project/alphagenome/alphagenome/VWF_ErTongYiyuan/output/gromacs_md_autoinhib/L1276R/md_7a6o,/media/luzhenyang/project/alphagenome/alphagenome/VWF_ErTongYiyuan/output/gromacs_md_autoinhib/L1276R/md_7a6o/md_prod.gro,/media/luzhenyang/project/alphagenome/alphagenome/VWF_ErTongYiyuan/output/gromacs_md_autoinhib/L1276R/md_7a6o/md_prod.xtc,True,61.1,2026-06-29 08:18:02,2026-06-29 08:18:02,,,,
7a6o_closed_state,D1302G,complete,/media/luzhenyang/project/alphagenome/alphagenome/VWF_ErTongYiyuan/output/gromacs_md_autoinhib/D1302G/md_7a6o,/media/luzhenyang/project/alphagenome/alphagenome/VWF_ErTongYiyuan/output/gromacs_md_autoinhib/D1302G/md_7a6o/md_prod.gro,/media/luzhenyang/project/alphagenome/alphagenome/VWF_ErTongYiyuan/output/gromacs_md_autoinhib/D1302G/md_7a6o/md_prod.xtc,True,61.06,2026-06-29 09:07:20,2026-06-29 09:07:20,,,,
7a6o_closed_state,R1315G,complete,/media/luzhenyang/project/alphagenome/alphagenome/VWF_ErTongYiyuan/output/gromacs_md_autoinhib/R1315G/md_7a6o,/media/luzhenyang/project/alphagenome/alphagenome/VWF_ErTongYiyuan/output/gromacs_md_autoinhib/R1315G/md_7a6o/md_prod.gro,/media/luzhenyang/project/alphagenome/alphagenome/VWF_ErTongYiyuan/output/gromacs_md_autoinhib/R1315G/md_7a6o/md_prod.xtc,True,61.08,2026-06-29 13:19:01,2026-06-29 13:19:01,,,,
7a6o_closed_state,R1315P,complete,/media/luzhenyang/project/alphagenome/alphagenome/VWF_ErTongYiyuan/output/gromacs_md_autoinhib/R1315P/md_7a6o,/media/luzhenyang/project/alphagenome/alphagenome/VWF_ErTongYiyuan/output/gromacs_md_autoinhib/R1315P/md_7a6o/md_prod.gro,/media/luzhenyang/project/alphagenome/alphagenome/VWF_ErTongYiyuan/output/gromacs_md_autoinhib/R1315P/md_7a6o/md_prod.xtc,True,61.07,2026-06-29 13:37:03,2026-06-29 13:37:03,,,,
7a6o_closed_state,H1322P,complete,/media/luzhenyang/project/alphagenome/alphagenome/VWF_ErTongYiyuan/output/gromacs_md_autoinhib/H1322P/md_7a6o,/media/luzhenyang/project/alphagenome/alphagenome/VWF_ErTongYiyuan/output/gromacs_md_autoinhib/H1322P/md_7a6o/md_prod.gro,/media/luzhenyang/project/alphagenome/alphagenome/VWF_ErTongYiyuan/output/gromacs_md_autoinhib/H1322P/md_7a6o/md_prod.xtc,True,61.08,2026-06-29 15:13:56,2026-06-29 15:13:56,,,,
7a6o_closed_state,A1355D,complete,/media/luzhenyang/project/alphagenome/alphagenome/VWF_ErTongYiyuan/output/gromacs_md_autoinhib/A1355D/md_7a6o,/media/luzhenyang/project/alphagenome/alphagenome/VWF_ErTongYiyuan/output/gromacs_md_autoinhib/A1355D/md_7a6o/md_prod.gro,/media/luzhenyang/project/alphagenome/alphagenome/VWF_ErTongYiyuan/output/gromacs_md_autoinhib/A1355D/md_7a6o/md_prod.xtc,True,61.09,2026-06-29 17:03:49,2026-06-29 17:03:49,,,,
7a6o_closed_state,E1359K,complete,/media/luzhenyang/project/alphagenome/alphagenome/VWF_ErTongYiyuan/output/gromacs_md_autoinhib/E1359K/md_7a6o,/media/luzhenyang/project/alphagenome/alphagenome/VWF_ErTongYiyuan/output/gromacs_md_autoinhib/E1359K/md_7a6o/md_prod.gro,/media/luzhenyang/project/alphagenome/alphagenome/VWF_ErTongYiyuan/output/gromacs_md_autoinhib/E1359K/md_7a6o/md_prod.xtc,True,61.09,2026-06-29 20:16:48,2026-06-29 20:16:48,,,,
7a6o_closed_state,V1360A,complete,/media/luzhenyang/project/alphagenome/alphagenome/VWF_ErTongYiyuan/output/gromacs_md_autoinhib/V1360A/md_7a6o,/media/luzhenyang/project/alphagenome/alphagenome/VWF_ErTongYiyuan/output/gromacs_md_autoinhib/V1360A/md_7a6o/md_prod.gro,/media/luzhenyang/project/alphagenome/alphagenome/VWF_ErTongYiyuan/output/gromacs_md_autoinhib/V1360A/md_7a6o/md_prod.xtc,True,61.08,2026-06-29 19:45:23,2026-06-29 19:45:23,,,,
7a6o_closed_state,L1361W,complete,/media/luzhenyang/project/alphagenome/alphagenome/VWF_ErTongYiyuan/output/gromacs_md_autoinhib/L1361W/md_7a6o,/media/luzhenyang/project/alphagenome/alphagenome/VWF_ErTongYiyuan/output/gromacs_md_autoinhib/L1361W/md_7a6o/md_prod.gro,/media/luzhenyang/project/alphagenome/alphagenome/VWF_ErTongYiyuan/output/gromacs_md_autoinhib/L1361W/md_7a6o/md_prod.xtc,True,61.09,2026-06-29 22:10:06,2026-06-29 22:10:05,,,,
7a6o_closed_state,K1362T,complete,/media/luzhenyang/project/alphagenome/alphagenome/VWF_ErTongYiyuan/output/gromacs_md_autoinhib/K1362T/md_7a6o,/media/luzhenyang/project/alphagenome/alphagenome/VWF_ErTongYiyuan/output/gromacs_md_autoinhib/K1362T/md_7a6o/md_prod.gro,/media/luzhenyang/project/alphagenome/alphagenome/VWF_ErTongYiyuan/output/gromacs_md_autoinhib/K1362T/md_7a6o/md_prod.xtc,True,61.1,2026-06-30 01:09:54,2026-06-30 01:09:54,,,,
7a6o_closed_state,Y1363C,complete,/media/luzhenyang/project/alphagenome/alphagenome/VWF_ErTongYiyuan/output/gromacs_md_autoinhib/Y1363C/md_7a6o,/media/luzhenyang/project/alphagenome/alphagenome/VWF_ErTongYiyuan/output/gromacs_md_autoinhib/Y1363C/md_7a6o/md_prod.gro,/media/luzhenyang/project/alphagenome/alphagenome/VWF_ErTongYiyuan/output/gromacs_md_autoinhib/Y1363C/md_7a6o/md_prod.xtc,True,61.1,2026-06-30 04:42:52,2026-06-30 04:42:52,,,,
7a6o_closed_state,F1369I,complete,/media/luzhenyang/project/alphagenome/alphagenome/VWF_ErTongYiyuan/output/gromacs_md_autoinhib/F1369I/md_7a6o,/media/luzhenyang/project/alphagenome/alphagenome/VWF_ErTongYiyuan/output/gromacs_md_autoinhib/F1369I/md_7a6o/md_prod.gro,/media/luzhenyang/project/alphagenome/alphagenome/VWF_ErTongYiyuan/output/gromacs_md_autoinhib/F1369I/md_7a6o/md_prod.xtc,True,61.08,2026-06-30 03:41:32,2026-06-30 03:41:32,,,,
7a6o_closed_state,D1373Y,complete,/media/luzhenyang/project/alphagenome/alphagenome/VWF_ErTongYiyuan/output/gromacs_md_autoinhib/D1373Y/md_7a6o,/media/luzhenyang/project/alphagenome/alphagenome/VWF_ErTongYiyuan/output/gromacs_md_autoinhib/D1373Y/md_7a6o/md_prod.gro,/media/luzhenyang/project/alphagenome/alphagenome/VWF_ErTongYiyuan/output/gromacs_md_autoinhib/D1373Y/md_7a6o/md_prod.xtc,True,61.09,2026-06-30 05:42:39,2026-06-30 05:42:39,,,,
7a6o_closed_state,R1374S,pending,/media/luzhenyang/project/alphagenome/alphagenome/VWF_ErTongYiyuan/output/gromacs_md_autoinhib/R1374S/md_7a6o,,,False,,,,,,,
7a6o_closed_state,L1382P,complete,/media/luzhenyang/project/alphagenome/alphagenome/VWF_ErTongYiyuan/output/gromacs_md_autoinhib/L1382P/md_7a6o,/media/luzhenyang/project/alphagenome/alphagenome/VWF_ErTongYiyuan/output/gromacs_md_autoinhib/L1382P/md_7a6o/md_prod.gro,/media/luzhenyang/project/alphagenome/alphagenome/VWF_ErTongYiyuan/output/gromacs_md_autoinhib/L1382P/md_7a6o/md_prod.xtc,True,61.09,2026-06-30 09:30:57,2026-06-30 09:30:57,,,,
7a6o_closed_state,L1383R,complete,/media/luzhenyang/project/alphagenome/alphagenome/VWF_ErTongYiyuan/output/gromacs_md_autoinhib/L1383R/md_7a6o,/media/luzhenyang/project/alphagenome/alphagenome/VWF_ErTongYiyuan/output/gromacs_md_autoinhib/L1383R/md_7a6o/md_prod.gro,/media/luzhenyang/project/alphagenome/alphagenome/VWF_ErTongYiyuan/output/gromacs_md_autoinhib/L1383R/md_7a6o/md_prod.xtc,True,61.08,2026-06-30 10:16:37,2026-06-30 10:16:37,,,,
7a6o_closed_state,S1387I,complete,/media/luzhenyang/project/alphagenome/alphagenome/VWF_ErTongYiyuan/output/gromacs_md_autoinhib/S1387I/md_7a6o,/media/luzhenyang/project/alphagenome/alphagenome/VWF_ErTongYiyuan/output/gromacs_md_autoinhib/S1387I/md_7a6o/md_prod.gro,/media/luzhenyang/project/alphagenome/alphagenome/VWF_ErTongYiyuan/output/gromacs_md_autoinhib/S1387I/md_7a6o/md_prod.xtc,True,61.09,2026-06-30 11:28:25,2026-06-30 11:28:25,,,,
7a6o_closed_state,S1394F,complete,/media/luzhenyang/project/alphagenome/alphagenome/VWF_ErTongYiyuan/output/gromacs_md_autoinhib/S1394F/md_7a6o,/media/luzhenyang/project/alphagenome/alphagenome/VWF_ErTongYiyuan/output/gromacs_md_autoinhib/S1394F/md_7a6o/md_prod.gro,/media/luzhenyang/project/alphagenome/alphagenome/VWF_ErTongYiyuan/output/gromacs_md_autoinhib/S1394F/md_7a6o/md_prod.xtc,True,59.2,2026-06-30 12:50:49,2026-06-30 12:50:49,,,,
7a6o_closed_state,R1399C,complete,/media/luzhenyang/project/alphagenome/alphagenome/VWF_ErTongYiyuan/output/gromacs_md_autoinhib/R1399C/md_7a6o,/media/luzhenyang/project/alphagenome/alphagenome/VWF_ErTongYiyuan/output/gromacs_md_autoinhib/R1399C/md_7a6o/md_prod.gro,/media/luzhenyang/project/alphagenome/alphagenome/VWF_ErTongYiyuan/output/gromacs_md_autoinhib/R1399C/md_7a6o/md_prod.xtc,True,61.13,2026-06-30 17:58:35,2026-06-30 17:58:35,,,,
7a6o_closed_state,Q1402P,complete,/media/luzhenyang/project/alphagenome/alphagenome/VWF_ErTongYiyuan/output/gromacs_md_autoinhib/Q1402P/md_7a6o,/media/luzhenyang/project/alphagenome/alphagenome/VWF_ErTongYiyuan/output/gromacs_md_autoinhib/Q1402P/md_7a6o/md_prod.gro,/media/luzhenyang/project/alphagenome/alphagenome/VWF_ErTongYiyuan/output/gromacs_md_autoinhib/Q1402P/md_7a6o/md_prod.xtc,True,61.11,2026-06-30 18:28:09,2026-06-30 18:28:09,,,,
7a6o_closed_state,V1439M,complete,/media/luzhenyang/project/alphagenome/alphagenome/VWF_ErTongYiyuan/output/gromacs_md_autoinhib/V1439M/md_7a6o,/media/luzhenyang/project/alphagenome/alphagenome/VWF_ErTongYiyuan/output/gromacs_md_autoinhib/V1439M/md_7a6o/md_prod.gro,/media/luzhenyang/project/alphagenome/alphagenome/VWF_ErTongYiyuan/output/gromacs_md_autoinhib/V1439M/md_7a6o/md_prod.xtc,True,61.1,2026-06-30 17:59:37,2026-06-30 17:59:37,,,,
7a6o_closed_state,V1409F,complete,/media/luzhenyang/project/alphagenome/alphagenome/VWF_ErTongYiyuan/output/gromacs_md_autoinhib/V1409F/md_7a6o,/media/luzhenyang/project/alphagenome/alphagenome/VWF_ErTongYiyuan/output/gromacs_md_autoinhib/V1409F/md_7a6o/md_prod.gro,/media/luzhenyang/project/alphagenome/alphagenome/VWF_ErTongYiyuan/output/gromacs_md_autoinhib/V1409F/md_7a6o/md_prod.xtc,True,61.06,2026-06-30 20:40:31,2026-06-30 20:40:31,,,,
7a6o_closed_state,P1413R,complete,/media/luzhenyang/project/alphagenome/alphagenome/VWF_ErTongYiyuan/output/gromacs_md_autoinhib/P1413R/md_7a6o,/media/luzhenyang/project/alphagenome/alphagenome/VWF_ErTongYiyuan/output/gromacs_md_autoinhib/P1413R/md_7a6o/md_prod.gro,/media/luzhenyang/project/alphagenome/alphagenome/VWF_ErTongYiyuan/output/gromacs_md_autoinhib/P1413R/md_7a6o/md_prod.xtc,True,61.09,2026-07-01 03:05:48,2026-07-01 03:05:48,,,,
7a6o_closed_state,I1416T,complete,/media/luzhenyang/project/alphagenome/alphagenome/VWF_ErTongYiyuan/output/gromacs_md_autoinhib/I1416T/md_7a6o,/media/luzhenyang/project/alphagenome/alphagenome/VWF_ErTongYiyuan/output/gromacs_md_autoinhib/I1416T/md_7a6o/md_prod.gro,/media/luzhenyang/project/alphagenome/alphagenome/VWF_ErTongYiyuan/output/gromacs_md_autoinhib/I1416T/md_7a6o/md_prod.xtc,True,61.07,2026-07-01 02:43:43,2026-07-01 02:43:43,,,,
7a6o_closed_state,I1425F,complete,/media/luzhenyang/project/alphagenome/alphagenome/VWF_ErTongYiyuan/output/gromacs_md_autoinhib/I1425F/md_7a6o,/media/luzhenyang/project/alphagenome/alphagenome/VWF_ErTongYiyuan/output/gromacs_md_autoinhib/I1425F/md_7a6o/md_prod.gro,/media/luzhenyang/project/alphagenome/alphagenome/VWF_ErTongYiyuan/output/gromacs_md_autoinhib/I1425F/md_7a6o/md_prod.xtc,True,61.06,2026-06-30 23:18:03,2026-06-30 23:18:03,,,,
7a6o_closed_state,R1426C,complete,/media/luzhenyang/project/alphagenome/alphagenome/VWF_ErTongYiyuan/output/gromacs_md_autoinhib/R1426C/md_7a6o,/media/luzhenyang/project/alphagenome/alphagenome/VWF_ErTongYiyuan/output/gromacs_md_autoinhib/R1426C/md_7a6o/md_prod.gro,/media/luzhenyang/project/alphagenome/alphagenome/VWF_ErTongYiyuan/output/gromacs_md_autoinhib/R1426C/md_7a6o/md_prod.xtc,True,61.09,2026-07-01 04:13:18,2026-07-01 04:13:18,,,,
